id,covnts,giftaid,giftinv,seinc_num,tei,tii,ti,taxpayer,year,reg
8800907,10,0,0,0,47120,170,47270,2,2006-2007,3
1173715,0,0,0,0,46700,10,46700,1,2006-2007,3
6098979,0,0,20,0,124600,100,124700,1,2006-2007,13
7790025,0,150,0,0,8490,0,8490,2,2006-2007,13
2389105,0,0,50,0,85380,440,85820,2,2006-2007,8
4362732,40,0,0,0,14000,10,14010,1,2006-2007,8
2989419,60,10,60,1,19900,10,19900,1,2006-2007,5
8365356,10,0,0,0,24200,22310,46500,2,2006-2007,10
5092192,10,100,0,1,59640,50,59670,1,2006-2007,2
6774626,10,0,10,0,51320,0,51310,1,2006-2007,8
4148695,0,0,0,1,28900,2580,31480,2,2006-2007,1
8926590,20,40,70,0,10680,30,10700,2,2006-2007,11
5454774,0,10,0,1,89000,60,89060,1,2006-2007,8
7663867,10,0,40,0,65910,4440,70340,2,2006-2007,1
6278944,0,50,0,0,0,37800,37800,1,2006-2007,7
6935915,1060,20,0,0,12350,130,12470,1,2006-2007,8
977202,0,20,0,0,560,0,560,2,2006-2007,8
5065453,970,0,20,0,15760,690,16440,1,2006-2007,12
1247002,0,0,0,0,204500,40,204540,1,2006-2007,6
8002140,0,30,0,0,12900,20,12920,1,2006-2007,2
1783928,10,10,0,0,10350,0,10350,1,2006-2007,6
9251331,40,0,40,0,26280,50,26330,2,2006-2007,12
7518186,120,0,0,1,6570,0,6560,2,2006-2007,8
2816774,0,50,30,0,149770,0,149770,2,2006-2007,10
215249,0,280,0,0,42100,40,42140,1,2006-2007,5
5898229,0,0,0,0,20600,180,20780,1,2006-2007,3
9586005,0,0,60,0,43620,50540,94150,1,2006-2007,13
5400439,0,0,0,0,11800,410,12210,1,2006-2007,10
1928438,0,0,0,0,65810,17600,83400,2,2006-2007,4
895331,0,0,0,0,6940,880,7820,1,2006-2007,3
6183514,30,0,0,1,45620,60,45680,2,2006-2007,3
7169397,0,330,0,0,24410,10,24410,1,2006-2007,9
5771986,0,10,0,0,19700,790,20480,1,2006-2007,6
9197543,0,0,0,0,61400,4700,66100,2,2006-2007,13
8503567,0,10,0,1,62610,60,62660,1,2006-2007,3
7793383,10,0,0,0,72130,50,72180,1,2006-2007,8
9566911,0,0,10,0,174650,350,175000,2,2006-2007,7
1615250,0,0,0,0,50060,20,50080,2,2006-2007,5
8013682,0,0,0,0,47290,390,47680,1,2006-2007,12
6607557,10,0,10,0,241460,89150,330610,2,2006-2007,10
8684775,0,20,10,0,8390,760,9140,1,2006-2007,6
4250125,0,30,0,0,4020,0,4020,2,2006-2007,13
1594909,0,20,0,1,4620,0,4610,2,2006-2007,2
7524423,0,10,0,0,31300,30,31320,1,2006-2007,6
1355992,0,10,10,1,36460,30,36480,1,2006-2007,8
2579577,0,0,10,0,4150,10,4150,1,2006-2007,11
1645322,0,0,30,0,190,10,180,2,2006-2007,9
5047073,0,0,20,0,97380,380,97760,1,2006-2007,6
8742768,0,0,0,0,55080,50,55110,1,2006-2007,8
9985126,0,40,0,0,9420,1020,10440,1,2006-2007,6
564543,0,0,0,0,5040,20200,25240,2,2006-2007,4
3765506,0,0,210,1,10910,10,10910,1,2006-2007,7
9913179,0,0,0,0,3770,24870,28630,1,2006-2007,10
4554760,0,20,60,0,25680,72150,97830,1,2006-2007,7
4348578,0,0,0,0,20400,210,20600,2,2006-2007,7
6043,100,20,0,1,69180,840,70010,1,2006-2007,12
1007349,0,20,0,0,15250,90,15340,1,2006-2007,11
1082319,0,140,10,0,1150,10,1150,2,2006-2007,3
3996895,0,0,0,0,2110,0,2100,2,2006-2007,9
7087857,10,0,10,0,33630,400,34030,1,2006-2007,11
3824866,10,10,0,1,35420,10,35410,1,2006-2007,5
8400093,120,0,0,0,60730,270,60990,1,2006-2007,2
3423224,0,0,0,0,11600,2880,14470,1,2006-2007,13
609243,0,0,0,1,2390,460,2840,2,2006-2007,11
7806308,0,0,0,0,11900,220,12120,1,2006-2007,5
2483440,10,0,0,0,6070,40,6110,2,2006-2007,5
8687013,0,0,0,0,14310,200,14500,1,2006-2007,12
5504505,0,870,0,0,53880,80,53940,1,2006-2007,4
9403214,30,0,10,0,12460,1190,13630,2,2006-2007,6
565939,10,480,0,0,13930,310,14220,1,2006-2007,4
4697115,10,0,0,0,42220,50,42260,1,2006-2007,10
2929981,0,0,10,0,4090,2270,6350,1,2006-2007,4
8330247,20,70,0,0,4420,5580,9990,1,2006-2007,12
366652,0,300,0,0,105580,0,105570,2,2006-2007,10
7209315,0,1800,0,1,36830,7530,44350,1,2006-2007,10
6999608,0,0,0,0,0,9290,9290,1,2006-2007,10
152642,0,10,10,0,329010,830,329820,1,2006-2007,9
6253232,0,10,0,0,41430,480,41900,2,2006-2007,13
3882054,30,0,80,0,17100,70,17170,1,2006-2007,3
5042404,0,0,30,1,4430,0,4430,2,2006-2007,7
9292984,0,0,0,0,25560,430,25970,1,2006-2007,5
5740289,10,0,10,0,28960,100,29050,2,2006-2007,5
8266140,0,0,0,0,9340,190,9520,1,2006-2007,11
3728500,0,40,10,0,2640,14500,17130,1,2006-2007,3
2152956,10,10,0,0,2880,3470,6340,2,2006-2007,4
9839727,0,0,20,1,22810,130,22930,1,2006-2007,3
2787573,0,0,0,0,2420,0,2420,2,2006-2007,5
9823988,0,0,10,0,23000,50,23050,1,2006-2007,6
4598543,0,0,0,0,6770,10,6770,2,2006-2007,9
1222807,0,10,0,0,14870,0,14870,1,2006-2007,13
4321870,0,0,0,0,6770,0,6770,2,2006-2007,13
7014222,20,130,0,0,13710,50,13740,1,2006-2007,11
3103774,0,0,0,0,43100,1230,44330,1,2006-2007,13
4499369,0,10,60,0,28390,130,28520,1,2006-2007,1
6259974,10,0,10,0,17300,2530,19830,1,2006-2007,9
9390236,0,0,10,1,3860,10,3850,2,2006-2007,12
6204526,0,0,0,0,5050,10030,15070,1,2006-2007,5
9370851,40,0,0,0,48020,560,48570,1,2006-2007,6
1048642,0,0,0,0,76800,50,76850,2,2006-2007,3
6489675,0,0,0,1,18820,310,19120,1,2006-2007,2
9775759,0,10,10,0,12660,4320,16980,1,2006-2007,5
5745462,0,0,80,0,5000,9490,14490,2,2006-2007,1
9543587,0,0,10,1,10,3620,3620,2,2006-2007,9
440,10,0,20,0,29080,30,29110,1,2006-2007,7
645207,10,0,0,1,24870,0,24870,1,2006-2007,5
1104716,0,0,0,0,3790,0,3780,2,2006-2007,12
4101577,70,0,0,1,33080,590,33650,1,2006-2007,4
9775312,0,0,0,0,30000,1010,31010,1,2006-2007,12
3242220,0,0,0,1,13780,520,14290,2,2006-2007,6
797565,0,0,0,1,5040,0,5040,2,2006-2007,2
1106207,0,80,0,1,14750,10,14750,1,2006-2007,5
8789610,0,0,0,1,16300,10,16300,1,2006-2007,5
4555846,50,0,480,0,4390,22680,27050,1,2006-2007,2
8654271,0,0,0,0,7050,0,7050,1,2006-2007,3
5111024,0,50,0,0,110890,30,110920,1,2006-2007,4
5825193,0,30,0,1,20080,1390,21450,2,2006-2007,13
8558599,0,0,190,0,9460,2820,12260,1,2006-2007,2
9576892,20,0,0,0,44100,20,44120,1,2006-2007,11
6097347,0,0,0,0,20620,10300,30920,1,2006-2007,12
4107429,0,10,0,0,46600,750,47340,2,2006-2007,13
9467465,10,0,0,0,17310,10,17310,1,2006-2007,11
4088792,30,0,30,0,50500,40,50530,1,2006-2007,4
9755051,0,130,30,1,89320,610,89930,1,2006-2007,5
3077941,10,0,10,0,5120,470,5580,1,2006-2007,2
1702806,0,10,0,0,12870,10,12870,1,2006-2007,2
5167022,0,30,0,0,40530,50,40580,1,2006-2007,9
2454263,0,60,0,0,43430,30,43450,2,2006-2007,5
2158086,10,0,160,0,2680,0,2680,2,2006-2007,6
8017274,320,10,0,0,25510,70,25570,1,2006-2007,6
3653325,0,0,0,1,233970,630,234600,1,2006-2007,2
352052,0,70,10,0,19900,50,19940,1,2006-2007,3
3632516,0,30,0,1,75600,150,75750,2,2006-2007,6
2571552,0,0,30,0,100610,104120,204730,2,2006-2007,6
2619134,0,10,10,0,16680,320,17000,1,2006-2007,1
1569422,10,0,0,0,9560,70,9610,2,2006-2007,13
3098522,20,10,0,0,25160,10,25160,1,2006-2007,4
969223,10,0,20,1,11200,2450,13650,1,2006-2007,1
7828740,0,0,0,1,7930,4570,12490,2,2006-2007,13
5846381,0,10,20,0,41070,460,41540,1,2006-2007,10
6532949,10,310,0,1,89440,17430,106870,1,2006-2007,2
5174198,40,140,50,0,5020,7530,12540,1,2006-2007,12
2896543,0,0,90,0,590,0,590,2,2006-2007,3
7693168,0,0,0,0,35500,370,35870,1,2006-2007,12
1446643,200,0,0,0,52720,100,52810,1,2006-2007,1
2084451,0,0,30,1,10400,350,10750,1,2006-2007,7
5636671,20,10,0,1,31540,50,31580,1,2006-2007,13
5840082,10,20,20,0,30570,40,30610,1,2006-2007,13
7580174,0,0,0,1,23390,20,23390,1,2006-2007,10
6400809,0,10,400,0,48650,380,49020,2,2006-2007,7
6397091,10,10,10,1,47790,50,47840,1,2006-2007,13
3687797,0,0,0,0,5240,13130,18350,1,2006-2007,7
9621034,0,10,20,0,169260,1610,170870,1,2006-2007,7
1640605,0,100,0,0,20800,180,20980,1,2006-2007,4
3921376,10,90,0,1,73150,100,73240,1,2006-2007,13
9988562,10,20,0,0,46860,570,47430,1,2006-2007,13
3931334,0,1810,10,1,129900,24110,153990,1,2006-2007,8
9213035,0,0,0,1,1430,10,1430,2,2006-2007,8
8563700,0,0,0,1,20180,0,20180,1,2006-2007,10
8801953,0,0,0,0,112140,10,112140,1,2006-2007,5
9286183,0,40,0,0,11810,190,11990,2,2006-2007,12
6747917,10,30,0,0,56900,10,56900,2,2006-2007,6
6791720,0,0,0,1,30040,70,30110,1,2006-2007,1
1717613,0,10,0,0,43100,10,43100,1,2006-2007,1
2959651,0,20,0,1,48810,2460,51260,1,2006-2007,5
8513724,10,0,0,0,20440,2930,23370,1,2006-2007,2
8570666,0,0,220,1,5070,10,5060,1,2006-2007,9
8395446,0,0,0,0,8350,50,8390,1,2006-2007,9
1012986,10,0,0,0,71970,520,72480,1,2006-2007,12
6353797,20,0,0,0,8680,100,8780,1,2006-2007,1
6509043,0,0,10,0,8030,12000,20030,1,2006-2007,3
7877503,0,0,170,0,15000,2070,17060,2,2006-2007,2
4594852,0,0,0,0,45040,190,45230,1,2006-2007,10
533710,20,0,0,0,201110,10,201100,1,2006-2007,6
3441643,0,0,10,0,5880,70,5940,2,2006-2007,12
2545181,10,0,0,0,123730,10,123740,1,2006-2007,10
4757770,10,640,10,0,26440,1590,28030,1,2006-2007,12
1628230,30,10,0,0,35980,20,35990,1,2006-2007,4
3941269,10,0,0,1,18460,20,18460,2,2006-2007,2
890924,0,20,0,0,10800,10,10800,1,2006-2007,3
5752700,110,0,0,0,77180,10,77180,1,2006-2007,5
5520284,10,0,0,0,13510,30,13530,1,2006-2007,11
4582859,0,0,10,1,81600,109260,190850,1,2006-2007,2
8945321,0,0,10,1,51100,40,51140,1,2006-2007,10
754075,0,0,0,1,29650,320,29960,1,2006-2007,6
6860680,0,10,0,0,11860,100,11950,1,2006-2007,11
3858704,0,0,0,1,5280,0,5280,2,2006-2007,2
3712851,0,0,0,0,89150,20,89160,1,2006-2007,12
7416472,10,0,10,0,7610,50,7640,2,2006-2007,11
7203318,0,80,0,0,9130,0,9120,2,2006-2007,1
2337486,20,0,0,0,10550,10,10540,1,2006-2007,4
7815070,7350,20,0,1,131500,24410,155900,1,2006-2007,7
1624457,40,0,0,0,21700,500,22200,1,2006-2007,3
1050154,0,0,0,0,15110,20,15120,1,2006-2007,11
278600,0,150,10,0,5070,10,5070,2,2006-2007,1
3534859,0,0,0,1,520,0,520,1,2006-2007,12
5114815,0,0,10,0,29700,130,29830,2,2006-2007,4
4110586,0,0,0,0,6650,60,6700,1,2006-2007,1
388139,80,630,40,0,9280,20,9290,1,2006-2007,5
1643818,0,7720,0,0,584210,6840,591030,1,2006-2007,10
9048837,0,0,20,1,36300,800,37100,1,2006-2007,10
7339958,0,50,0,0,9560,40,9600,1,2006-2007,13
651929,130,30,10,0,2960,116100,119050,1,2006-2007,3
3120248,0,0,10,0,119380,100,119470,2,2006-2007,2
7407333,0,10,0,1,52310,20,52310,1,2006-2007,13
1018500,0,0,0,0,45890,800,46670,1,2006-2007,13
6039903,0,0,0,0,410,0,410,2,2006-2007,3
9442840,0,0,0,0,2420,0,2410,2,2006-2007,6
1739098,30,0,0,0,5010,0,5010,2,2006-2007,13
5965205,0,0,0,0,19110,40,19130,2,2006-2007,10
8270727,10,0,10,0,11010,110,11120,2,2006-2007,9
6604455,20,0,20,0,20690,20,20690,1,2006-2007,4
8021885,10,20,0,1,15900,40,15930,2,2006-2007,10
6126486,0,0,0,1,62710,14530,77220,1,2006-2007,5
5687404,2170,180,50,0,312400,2270,314670,1,2006-2007,8
4201485,430,0,0,1,12890,1120,14000,1,2006-2007,8
1099717,0,10,0,1,40940,130,41070,2,2006-2007,2
3040843,0,0,10,0,14500,100,14600,1,2006-2007,1
2205783,0,20,0,0,5040,24050,29090,1,2006-2007,4
6507393,20,0,10,0,29720,20,29730,1,2006-2007,7
8382454,0,21200,90,0,5310,121010,126310,1,2006-2007,6
3810608,0,50,0,0,24850,27140,51980,1,2006-2007,7
8569373,0,0,0,1,5070,510,5580,1,2006-2007,9
3386311,10,0,30,0,6220,980,7200,2,2006-2007,7
1568790,0,0,30,0,57980,90,58070,2,2006-2007,7
2338324,30,10,0,0,480,10,480,2,2006-2007,9
6468120,40,20,60,0,9170,90,9260,2,2006-2007,7
2293897,0,10,1600,1,14230,550,14770,2,2006-2007,7
4447779,0,0,0,1,15060,0,15060,1,2006-2007,4
6698757,0,0,0,0,106000,40,106030,1,2006-2007,7
3669283,90,10,0,0,40600,50,40650,1,2006-2007,3
7076337,40,0,0,0,10200,0,10200,2,2006-2007,6
6565229,0,0,0,1,8530,0,8520,1,2006-2007,9
8565434,0,0,0,0,55810,100,55890,1,2006-2007,9
1550111,40,0,270,0,22360,320,22670,1,2006-2007,3
168084,0,20,0,1,39800,470,40270,1,2006-2007,8
7933783,10,0,10,0,5110,11070,16170,1,2006-2007,1
6307748,0,10,160,0,8690,70,8750,1,2006-2007,8
8342040,10,0,0,0,42600,100,42690,1,2006-2007,7
1463447,0,6700,10,0,12150,405590,417730,2,2006-2007,2
1616999,0,0,20,0,9600,33300,42900,1,2006-2007,1
9869907,0,20,10,0,47010,60,47060,1,2006-2007,1
4928063,70,0,60,1,7990,3540,11520,1,2006-2007,6
6169798,30,0,0,0,25280,0,25280,1,2006-2007,10
2882970,10,10,0,1,7540,50,7580,1,2006-2007,2
3446794,0,10,0,0,46840,490,47330,2,2006-2007,6
9979760,0,0,0,1,24150,10,24170,1,2006-2007,3
6789963,0,0,0,0,16800,40,16840,1,2006-2007,8
2550005,10,20,30,1,44060,250,44290,1,2006-2007,7
2755196,0,10,0,0,920,0,920,2,2006-2007,1
1627526,0,20,10,0,60,10,60,2,2006-2007,9
9012312,10,0,0,0,12800,100,12900,1,2006-2007,4
788013,30,10,0,0,33200,450,33640,1,2006-2007,2
7933602,10,0,0,0,16510,30,16530,2,2006-2007,2
169656,0,0,0,1,69180,47530,116700,1,2006-2007,4
6240329,10,0,140,1,16140,660,16800,2,2006-2007,11
5900921,0,50,20,0,7460,40,7480,1,2006-2007,8
3232486,0,10,0,1,10100,30,10120,2,2006-2007,3
6934544,0,0,0,1,5370,30,5380,1,2006-2007,10
3271973,0,0,0,0,17500,10,17500,1,2006-2007,2
3924482,0,0,0,1,27200,120,27310,1,2006-2007,10
5359815,0,0,0,1,16720,20,16730,1,2006-2007,9
6786662,0,0,0,0,1800,0,1790,2,2006-2007,11
9325310,40,0,10,0,29220,10,29210,1,2006-2007,3
3376848,10,0,0,1,46180,58300,104480,1,2006-2007,5
2743074,0,0,0,1,14460,400,14860,1,2006-2007,12
3689080,0,10,40,1,14920,970,15890,1,2006-2007,2
8710203,0,0,90,0,7170,20,7190,1,2006-2007,2
9494231,0,0,0,1,17710,0,17700,1,2006-2007,9
8466369,20,0,0,0,40230,2850,43080,1,2006-2007,10
4462917,0,0,120,0,50780,30,50810,1,2006-2007,9
343664,110,70,0,1,8540,80,8610,2,2006-2007,2
1031308,0,0,0,1,32230,5210,37420,1,2006-2007,9
5905917,10,250,0,0,53330,230,53560,2,2006-2007,7
8277567,10,1090,10,1,8500,40,8520,1,2006-2007,5
9925944,910,10,10,1,0,10,0,2,2006-2007,2
8547184,0,0,0,1,24910,10,24910,1,2006-2007,10
9889568,0,20,0,0,105430,90,105520,1,2006-2007,3
9262868,0,490,20,0,38620,90,38710,1,2006-2007,7
5406031,0,10,10,0,8640,40,8670,1,2006-2007,11
9086484,10,10,0,1,67730,66770,134490,1,2006-2007,12
3110064,10,0,0,1,107000,50,107050,1,2006-2007,9
8627354,0,0,0,0,0,13720,13720,1,2006-2007,6
8411117,10,10,10,0,20000,320,20320,1,2006-2007,11
7771053,10,0,0,1,27310,580,27870,1,2006-2007,5
3871748,0,0,30,0,42810,200,43000,2,2006-2007,1
6046007,40,150,0,0,24130,50,24170,1,2006-2007,11
9120905,0,10,0,1,54360,10,54360,1,2006-2007,10
7479875,0,0,230,1,0,80000,80000,1,2006-2007,8
2396431,10,0,0,0,2750,0,2740,2,2006-2007,12
9917620,0,0,10,0,3990,10880,14840,1,2006-2007,12
3261359,0,0,0,1,23300,100,23400,2,2006-2007,7
9067904,21310,720,0,0,430100,6740,436840,1,2006-2007,6
4719353,0,170,10,0,12700,190,12890,1,2006-2007,1
9566058,0,0,0,0,28940,30,28970,2,2006-2007,9
311348,0,0,0,0,8740,10,8730,1,2006-2007,13
9041568,10,40,0,1,14830,10,14830,1,2006-2007,2
6988557,0,0,10,0,7750,60,7810,1,2006-2007,10
7235156,10,110,10,0,2640,3570,6200,1,2006-2007,13
7666312,10,0,0,0,21800,590,22390,1,2006-2007,8
5016349,0,0,0,1,54280,100,54370,1,2006-2007,1
9115882,0,0,0,1,13590,0,13590,1,2006-2007,1
1518624,0,0,20,1,28900,340,29240,1,2006-2007,7
1824661,0,0,170,0,63500,1920,65420,1,2006-2007,7
8868115,0,50,0,0,58480,360,58840,1,2006-2007,11
9274278,0,0,0,0,4710,1200,5900,2,2006-2007,2
5302571,0,10,10,0,17560,90,17630,1,2006-2007,8
1855932,10,20,0,1,107320,6480,113790,1,2006-2007,11
6013762,500,10,10,0,9840,300,10140,2,2006-2007,6
3385838,0,10,0,0,21200,30,21230,1,2006-2007,13
5182792,20,50,10,0,10,8680,8670,1,2006-2007,11
6741673,0,0,0,0,6640,0,6640,1,2006-2007,13
6550189,0,10,10,0,11500,300,11800,1,2006-2007,1
4925108,0,10,10,1,174760,4000,178760,1,2006-2007,3
3258993,20,0,0,0,12100,530,12630,1,2006-2007,8
1522023,0,10,30,1,12820,1370,14190,1,2006-2007,6
1816243,40,10,0,0,4950,0,4940,1,2006-2007,5
335773,0,10,0,0,43400,50,43460,1,2006-2007,12
984147,10,0,0,0,5590,10,5590,1,2006-2007,6
4576105,10,10,80,0,15200,330,15530,2,2006-2007,9
4071013,10,10,0,1,17690,9510,27200,1,2006-2007,2
948531,0,10,0,0,187730,10,187730,2,2006-2007,1
5366913,0,0,0,0,2940,10950,13890,1,2006-2007,8
7990502,0,0,30,0,19000,1680,20670,1,2006-2007,4
5318677,180,140,0,0,11460,870,12330,1,2006-2007,12
5673841,0,10,0,0,9190,10,9200,1,2006-2007,5
277506,0,20,0,1,4150,0,4150,2,2006-2007,12
8791365,10,0,0,0,4870,0,4870,2,2006-2007,8
9228932,0,0,60,0,21960,120,22070,1,2006-2007,8
6312214,10,0,0,0,24950,400,25350,1,2006-2007,13
5064937,0,160,0,0,123590,380,123960,2,2006-2007,13
4513582,90,250,10,0,55100,62110,117210,1,2006-2007,6
3591467,10,0,0,1,5040,10,5040,2,2006-2007,7
3126730,0,0,0,1,10210,2570,12780,1,2006-2007,6
7754031,70,260,0,0,22200,10,22200,1,2006-2007,8
9471807,10,30,0,0,1320,4340,5660,2,2006-2007,4
6719637,0,0,0,0,45100,530,45620,1,2006-2007,6
4919720,0,0,0,1,414830,1230,416050,2,2006-2007,5
2316594,0,0,0,0,8140,60,8200,1,2006-2007,10
2910384,10,0,0,0,52900,810,53710,1,2006-2007,9
5957590,0,0,0,0,23750,110,23850,1,2006-2007,9
9876269,0,0,10,0,35010,30,35030,1,2006-2007,12
1234465,0,0,100,0,4980,0,4980,2,2006-2007,13
7174743,0,10,10,0,153760,0,153760,1,2006-2007,9
624634,0,0,0,0,360,5130,5490,2,2006-2007,7
4978750,0,70,0,0,278300,28070,306360,1,2006-2007,13
2091002,100,0,40,1,20400,50,20450,1,2006-2007,13
4960757,0,10,0,0,10900,0,10900,1,2006-2007,4
8907191,40,10,10,0,26030,90430,116450,1,2006-2007,10
6455219,30,0,0,0,70750,90,70830,1,2006-2007,1
982101,0,10,0,0,63010,0,63000,1,2006-2007,8
3048862,60,0,0,0,1040,15510,16540,1,2006-2007,12
994017,10,0,10,0,17810,30,17820,1,2006-2007,3
4973626,70,0,40,0,6410,0,6410,2,2006-2007,2
2607443,0,0,0,0,35500,840,36340,1,2006-2007,3
8431318,10,20,0,0,92350,290,92610,1,2006-2007,13
7722234,10,1170,0,0,57610,164020,221630,1,2006-2007,2
6932372,0,0,0,0,90800,19220,110010,1,2006-2007,4
1344412,0,0,10,1,15310,0,15310,2,2006-2007,3
31131,10,0,40,0,18230,0,18220,1,2006-2007,13
6060154,0,0,10,0,81950,60,81990,1,2006-2007,5
776121,0,0,30,1,117810,19710,137520,2,2006-2007,5
6015711,0,0,0,0,46910,160,47060,1,2006-2007,3
462402,0,0,60,0,9270,80,9330,1,2006-2007,8
2975726,0,10,0,0,11700,570,12270,1,2006-2007,6
6029422,40,0,0,0,12300,520,12810,1,2006-2007,2
7014666,0,0,120,0,39450,190,39640,1,2006-2007,8
4541961,20,0,0,0,5070,20,5080,1,2006-2007,12
3989879,10,20,0,1,41010,38130,79130,1,2006-2007,9
5261887,10,10,10,0,9440,60,9480,1,2006-2007,6
9207246,90,10,0,0,54350,860,55190,2,2006-2007,11
1052761,10,640,60,0,7390,0,7380,2,2006-2007,4
7239963,0,0,0,0,16860,20,16860,1,2006-2007,2
5203942,0,0,50,0,50100,49260,99360,1,2006-2007,6
2520904,0,30,0,0,2560,1070,3630,2,2006-2007,3
8304474,0,50,20,1,16010,20,16020,1,2006-2007,11
2487093,0,0,30,1,28100,610,28700,1,2006-2007,13
8763445,0,30,0,1,32100,210,32300,1,2006-2007,8
7403346,0,110,0,0,19800,40,19830,1,2006-2007,3
6910836,0,10,460,1,2630,17130,19760,1,2006-2007,1
1125839,0,0,0,0,22100,60,22160,1,2006-2007,2
1153208,0,0,0,0,5040,2550,7580,1,2006-2007,7
5371795,0,20,0,0,34400,340,34740,1,2006-2007,11
921697,0,0,0,1,30650,50,30690,1,2006-2007,3
7558709,0,0,0,1,167330,3860,171190,1,2006-2007,6
1339139,20,0,0,0,380870,0,380860,1,2006-2007,11
8717483,0,10,0,0,19000,270,19260,2,2006-2007,10
2706460,80,0,0,0,23300,450,23740,2,2006-2007,12
3997908,0,60,0,1,19790,20,19790,1,2006-2007,9
8743736,10,10,10,0,32750,28650,61390,1,2006-2007,12
6294623,0,30,0,0,8900,960,9860,1,2006-2007,9
1184663,0,10,0,1,6170,2440,8600,1,2006-2007,8
7616014,10,150,0,1,10,95560,95560,1,2006-2007,7
7641120,0,0,0,0,8500,40,8530,1,2006-2007,12
7879478,0,20,0,1,7370,3420,10770,1,2006-2007,12
1675650,0,10,0,1,14910,10,14910,1,2006-2007,12
4643711,0,190,0,0,51990,210,52200,1,2006-2007,13
4303794,10,40,0,0,41110,0,41100,2,2006-2007,2
7221172,40,0,20,0,14590,20,14600,1,2006-2007,11
4685797,30,0,0,0,22400,70,22460,1,2006-2007,3
9658245,0,0,0,0,19100,280,19370,1,2006-2007,12
9019608,0,0,0,0,3520,0,3520,2,2006-2007,13
4882370,10,0,10,0,3040,13420,16450,1,2006-2007,10
6910568,10,40,10,0,18460,1850,20310,1,2006-2007,10
5581978,90,0,10,0,10700,250,10950,2,2006-2007,2
8860872,0,30,10,0,10630,6990,17620,1,2006-2007,1
5911754,90,0,0,1,19210,8100,27310,2,2006-2007,3
313199,220,40,0,0,810,0,800,2,2006-2007,7
1720384,10,10,10,0,11720,0,11720,2,2006-2007,1
5277055,0,0,0,0,129000,0,129000,1,2006-2007,1
1054641,10,0,0,0,11800,10,11800,1,2006-2007,12
5293420,0,0,10,0,25700,40,25740,1,2006-2007,7
8559332,0,20,20,1,46330,4210,50540,2,2006-2007,11
9979381,20,0,0,1,1450,20,1460,2,2006-2007,7
5787151,0,0,10,0,36440,860,37290,1,2006-2007,8
5714900,10,10,0,1,17860,80,17940,2,2006-2007,7
5360249,0,0,0,0,10590,4630,15210,1,2006-2007,10
6789495,250,0,10,0,6310,80,6380,1,2006-2007,8
1893667,0,0,230,0,16100,60,16150,1,2006-2007,8
3504762,20,0,0,0,32800,300,33100,1,2006-2007,9
1606674,20,10,20,1,31660,20,31660,1,2006-2007,7
2990416,10,0,50,1,31710,8410,40120,1,2006-2007,11
3363536,0,0,0,0,27410,0,27400,1,2006-2007,1
3679049,0,0,20,0,6500,460,6960,1,2006-2007,6
8843666,140,10,10,0,8170,120,8280,1,2006-2007,4
4634925,70,0,0,0,28900,1250,30150,1,2006-2007,1
1955412,0,0,0,1,74710,180,74870,1,2006-2007,9
9447369,0,0,120,1,15480,30,15500,1,2006-2007,2
9482097,0,0,0,0,10510,460,10950,1,2006-2007,8
5431352,0,40,0,1,46990,290,47270,1,2006-2007,5
5244317,0,40,0,0,73710,77730,151420,1,2006-2007,1
9901694,0,1290,0,0,158040,2200,160240,1,2006-2007,3
8882179,0,10,10,0,17400,40,17430,1,2006-2007,6
929417,20,0,0,0,8590,20,8590,1,2006-2007,5
1422941,0,0,0,1,6010,0,6010,1,2006-2007,10
7560497,0,0,0,0,25550,6240,31780,1,2006-2007,11
8875094,0,0,0,0,18260,70,18330,1,2006-2007,13
805231,0,0,10,1,5200,0,5190,1,2006-2007,2
1642805,0,0,0,0,33320,50,33350,1,2006-2007,4
6280937,0,160,170,1,8170,0,8170,1,2006-2007,4
2263451,0,80,0,1,14570,10,14570,2,2006-2007,3
7346551,0,40,0,0,13600,30,13630,1,2006-2007,13
1612297,50,10,10,0,5000,10,5000,2,2006-2007,10
2766266,10,20,0,0,14250,50,14300,1,2006-2007,9
2145669,10,50,0,1,16220,60,16280,1,2006-2007,8
3863372,0,0,0,0,68880,30,68900,1,2006-2007,5
1642638,40,0,0,0,12200,2480,14670,1,2006-2007,5
1397316,0,0,0,0,11770,20,11770,1,2006-2007,8
4473747,10,0,10,1,39840,134210,174040,1,2006-2007,9
677316,0,10,10,1,60220,120,60330,1,2006-2007,12
4988090,0,0,30,0,10720,390,11080,1,2006-2007,12
4506696,0,0,10,1,7730,40,7770,2,2006-2007,6
8484672,0,90,0,1,75280,357000,432270,1,2006-2007,8
7645929,0,10,0,0,49000,50,49050,1,2006-2007,11
4760030,0,60,0,0,1190,0,1190,2,2006-2007,3
6870322,110,0,0,0,30100,80,30180,1,2006-2007,6
6928468,0,0,10,0,6000,33960,39960,1,2006-2007,13
8072555,20,0,0,1,26910,140,27040,2,2006-2007,1
4570769,0,340,0,0,27300,320,27620,1,2006-2007,5
7184953,0,0,210,1,1100,0,1100,2,2006-2007,13
6296191,70,80,20,0,5300,40,5340,1,2006-2007,2
2310205,20,30,0,0,35610,70,35670,1,2006-2007,6
2328172,0,0,20,0,20080,30,20110,1,2006-2007,7
2881312,0,0,10,0,15010,40,15040,2,2006-2007,6
9490458,30,0,510,0,5130,40,5160,1,2006-2007,10
6540637,20,10,0,1,13560,4040,17600,2,2006-2007,3
6858855,240,110,40,0,39100,40,39130,1,2006-2007,6
1491710,0,0,30,1,21900,20,21920,2,2006-2007,4
5768725,30,30,0,1,5020,76450,81470,1,2006-2007,6
3618262,0,0,20,1,57120,70,57190,1,2006-2007,7
1932668,10,30,0,0,4240,10,4240,2,2006-2007,2
7249574,0,0,0,0,68390,31500,99880,1,2006-2007,3
363010,10,40,70,1,5450,630,6080,2,2006-2007,4
3098348,0,0,10,1,1510,0,1500,2,2006-2007,6
8658894,0,0,10,1,24400,3830,28220,1,2006-2007,12
3923082,0,0,10,0,19910,90,19990,2,2006-2007,3
6039823,0,20,0,0,380,0,380,2,2006-2007,8
5136793,0,0,0,0,12460,9790,22230,1,2006-2007,6
713136,0,0,10,0,10770,10,10770,2,2006-2007,6
1168946,0,10,0,0,1300,10,1300,2,2006-2007,11
4850162,0,370,70,0,14960,50,15000,1,2006-2007,11
1193213,0,0,10,0,8810,120,8920,1,2006-2007,2
4754681,0,0,0,1,54310,110,54420,2,2006-2007,8
9746226,0,0,0,1,10910,90,10990,1,2006-2007,13
9097938,0,10,0,0,42710,20,42720,1,2006-2007,1
9628643,10,20,0,1,14900,10,14900,1,2006-2007,5
32159,0,0,70,1,5630,0,5630,1,2006-2007,5
8271757,0,0,0,0,40720,580,41300,1,2006-2007,12
5619177,0,10,10,0,76450,50,76500,1,2006-2007,3
1713999,0,0,10,0,6760,20,6780,2,2006-2007,11
5808506,0,50,10,1,15010,10,15000,2,2006-2007,5
2195015,0,0,0,0,190,10,190,2,2006-2007,10
4960766,0,170,10,1,5470,10,5470,1,2006-2007,5
6943452,0,0,0,0,14950,260,15200,1,2006-2007,8
6318210,0,0,0,0,2270,0,2260,2,2006-2007,8
9582139,0,0,50,0,3230,0,3230,2,2006-2007,1
685393,0,0,0,1,24280,170,24450,1,2006-2007,7
3540203,40,20,10,1,22650,40,22680,1,2006-2007,4
7428051,10,0,0,1,5110,10,5110,1,2006-2007,1
5644039,0,0,10,0,112990,150,113130,1,2006-2007,5
3872016,0,20,0,1,3020,6350,9370,2,2006-2007,12
3585884,50,10,0,0,17300,530,17820,1,2006-2007,12
464783,0,0,0,0,33200,540,33740,1,2006-2007,6
36861,20,10,0,1,50550,400,50940,1,2006-2007,5
2105778,0,0,80,0,1530,17310,18840,1,2006-2007,10
9317566,0,0,0,0,19200,123000,142200,1,2006-2007,8
6047245,60,0,60,0,8610,1870,10470,1,2006-2007,12
3266157,0,10,0,1,88050,400,88440,1,2006-2007,9
4857732,0,10,0,0,101730,50,101770,1,2006-2007,8
5990960,0,0,0,0,67700,70,67760,2,2006-2007,10
7394885,0,0,0,0,57890,480,58360,1,2006-2007,2
1323753,0,0,0,0,10,10,0,2,2006-2007,9
9816366,0,0,20,0,15300,10,15300,1,2006-2007,10
4438064,0,760,0,0,32070,1080,33140,1,2006-2007,12
3449659,0,8210,10,0,8720,459670,468390,1,2006-2007,5
4567147,30,0,0,0,1470,0,1470,2,2006-2007,10
1565154,440,0,70,0,136610,39710,176310,1,2006-2007,6
4027164,0,0,0,0,20,210,210,2,2006-2007,2
5787758,0,10,0,1,50340,70,50400,1,2006-2007,10
1512108,580,20,0,0,950,10,950,2,2006-2007,2
9101818,0,70,10,1,7720,0,7710,2,2006-2007,1
9148155,0,0,0,0,19900,10,19900,1,2006-2007,8
1792704,10,0,0,0,17000,0,17000,2,2006-2007,9
1658802,10,0,160,0,15910,60,15950,1,2006-2007,6
7712400,10,0,0,1,5440,0,5440,2,2006-2007,11
2489331,0,0,10,1,32570,60,32620,2,2006-2007,10
9845208,20,130,10,0,38630,160,38780,1,2006-2007,2
9734132,10,30,10,0,33600,580,34180,2,2006-2007,10
10169,300,10,10,0,6500,36610,43100,1,2006-2007,9
5365780,0,190,0,0,9400,54770,64170,1,2006-2007,1
6462681,0,20,10,0,3470,0,3460,2,2006-2007,11
4243522,10,10,0,0,103100,50,103150,1,2006-2007,4
8167286,0,450,0,0,228380,10420,238800,1,2006-2007,3
7530831,10,0,0,0,9420,90,9490,1,2006-2007,7
5526164,0,0,0,0,2840,2040,4880,2,2006-2007,9
4007156,20,530,0,1,47910,250,48150,1,2006-2007,3
7339287,0,20,40,1,17010,149350,166360,1,2006-2007,10
9871914,0,20,0,1,10800,20,10820,2,2006-2007,12
4788389,0,30,90,0,9670,1040,10710,1,2006-2007,1
2285942,0,0,0,0,40700,110,40810,1,2006-2007,5
3557741,0,110,10,0,6320,8040,14360,1,2006-2007,10
5030173,0,0,0,1,8850,30,8860,2,2006-2007,13
3250481,10,0,0,0,12370,50,12410,2,2006-2007,2
9397567,0,20,10,0,620,10,610,2,2006-2007,12
5324026,0,0,10,0,6720,10,6720,2,2006-2007,4
5836273,0,0,0,0,119880,0,119880,1,2006-2007,12
4782773,0,0,30,1,141570,47300,188860,2,2006-2007,10
9822277,10,0,0,0,7500,5210,12700,1,2006-2007,6
1778344,0,10,0,1,19080,40,19120,1,2006-2007,5
4361402,10,10,0,1,0,10,0,2,2006-2007,2
2087031,40,0,0,0,4380,730,5110,2,2006-2007,9
1838076,10,20,0,0,62100,350,62450,2,2006-2007,2
412515,0,20,0,1,10350,0,10350,2,2006-2007,5
7682234,10,0,0,0,31800,10,31810,1,2006-2007,5
1262862,0,190,20,1,23800,120,23910,1,2006-2007,2
6864622,70,0,20,0,30200,3510,33710,1,2006-2007,9
9824452,10,0,0,0,10200,50,10250,1,2006-2007,12
1504363,10,20,0,1,17350,10,17350,1,2006-2007,9
146492,10,0,0,0,105000,10,105010,2,2006-2007,7
2388000,0,60,0,0,46300,3200,49500,1,2006-2007,10
3801471,0,10,0,0,10110,560,10660,1,2006-2007,6
9774669,0,0,10,0,11750,60,11810,1,2006-2007,12
6717721,0,10,0,0,46360,570,46920,1,2006-2007,9
3739991,10,30,0,0,9260,0,9260,2,2006-2007,8
3773791,50,0,0,0,5560,20,5580,1,2006-2007,12
3889185,0,0,0,1,117460,15600,133060,2,2006-2007,9
1581396,10,0,0,0,11110,3290,14390,1,2006-2007,11
937026,30,0,10,0,15100,30,15130,1,2006-2007,3
8976599,30,0,0,0,33470,480,33930,2,2006-2007,13
9377858,0,420,0,0,4980,77100,82070,1,2006-2007,6
2460567,10,0,0,0,7380,270,7650,2,2006-2007,4
3770119,0,0,10,1,4760,0,4760,2,2006-2007,1
2018273,0,0,10,0,31100,30,31130,1,2006-2007,3
7308115,0,0,0,0,3420,0,3410,2,2006-2007,1
4961180,0,0,30,1,11910,130,12040,1,2006-2007,1
8925939,80,0,0,1,7500,10,7500,2,2006-2007,4
2659565,0,0,0,0,153010,0,153000,2,2006-2007,7
4260380,0,0,0,0,8670,80,8750,2,2006-2007,1
4917677,10,1790,0,0,500850,740,501580,1,2006-2007,7
2451742,0,0,0,0,1520,0,1520,2,2006-2007,1
5719119,10,0,10,0,8590,0,8590,2,2006-2007,10
9825351,30,10,0,1,6990,0,6990,1,2006-2007,8
6147295,10,0,10,1,10500,220,10720,1,2006-2007,11
7879455,0,90,0,1,5040,1650,6680,2,2006-2007,6
5356001,0,670,0,1,74730,0,74730,2,2006-2007,11
7494317,10,70,0,0,28710,20,28720,1,2006-2007,7
8371474,60,0,0,1,8330,0,8330,1,2006-2007,8
2849322,10,0,10,0,31600,170,31770,1,2006-2007,5
4974689,10,0,0,0,5150,10,5160,1,2006-2007,5
5099914,10,10,0,0,35360,40,35400,1,2006-2007,10
1443518,10,0,10,0,14400,130,14530,1,2006-2007,9
18890,0,0,0,0,3760,0,3760,2,2006-2007,11
7237775,0,40,0,0,44500,970,45460,1,2006-2007,13
1754994,0,30,60,0,67740,120,67850,1,2006-2007,8
6670613,10,30,20,1,6950,50,6990,2,2006-2007,10
5620914,0,10,0,0,59360,110,59450,1,2006-2007,6
5642386,10,0,0,0,29350,180,29510,1,2006-2007,6
9250276,10,0,20,0,6930,10,6920,2,2006-2007,2
8211723,20,10,10,0,10,8890,8880,1,2006-2007,4
1440418,10,0,10,1,1260,10,1250,1,2006-2007,9
9020849,0,10,10,0,7420,10,7420,2,2006-2007,10
7543272,0,0,0,0,94990,211210,306190,1,2006-2007,11
4192553,280,0,10,0,16660,220,16880,1,2006-2007,10
839792,10,930,10,0,20710,20,20700,1,2006-2007,1
6227192,0,0,10,0,17810,10,17800,2,2006-2007,6
6267833,30,10,0,1,8690,1330,10030,2,2006-2007,1
13922,0,310,50,1,23940,0,23940,1,2006-2007,1
5294580,0,0,0,1,143470,950,144410,1,2006-2007,12
302638,0,0,160,1,21270,40,21310,1,2006-2007,3
8327161,10,30,0,0,6200,370,6570,2,2006-2007,1
6758486,0,0,10,1,7720,110,7820,2,2006-2007,2
3120856,0,50,0,0,18610,150,18750,2,2006-2007,13
2990576,0,0,20,0,18970,20,18960,1,2006-2007,2
5494510,10,60,20,1,23260,120,23380,1,2006-2007,5
8592844,30,60,10,0,41890,30,41910,1,2006-2007,13
9997486,0,10,10,1,9930,28460,38380,1,2006-2007,1
9979926,0,380,10,1,209480,8460,217940,1,2006-2007,12
6289060,10,60,0,0,7290,40,7330,2,2006-2007,13
8296101,0,0,0,1,154620,3250,157860,2,2006-2007,11
5386738,10,0,0,1,7560,130,7690,1,2006-2007,4
2683754,20,50,0,1,36610,2510,39110,2,2006-2007,5
9675966,0,0,0,0,1110,0,1100,2,2006-2007,12
8446253,0,0,0,1,40280,10,40280,1,2006-2007,10
5899569,30,0,10,0,50060,40,50100,1,2006-2007,6
7575170,0,0,0,0,7330,10,7330,2,2006-2007,1
4683769,0,10,0,0,23060,540,23600,1,2006-2007,5
4768389,0,150,20,0,22910,0,22900,1,2006-2007,2
2523199,50,0,30,1,23580,8030,31590,2,2006-2007,4
4980585,20,0,0,0,10,42400,42410,1,2006-2007,13
6983983,30,10,0,0,36910,100,36990,1,2006-2007,4
1965983,0,0,10,0,13600,24410,38010,2,2006-2007,6
3799790,0,10,10,1,13700,40,13730,1,2006-2007,11
1557941,10,10,0,0,18400,20,18420,1,2006-2007,8
8864903,10,10,0,0,19550,0,19540,1,2006-2007,1
4105221,0,0,0,0,5250,40,5280,1,2006-2007,10
5299180,0,0,60,0,33460,480,33940,1,2006-2007,3
3913650,30,0,0,1,6470,0,6460,1,2006-2007,8
8730143,60,10,0,1,9240,0,9240,1,2006-2007,6
8203112,0,0,0,0,4270,10,4270,2,2006-2007,13
9927914,10,0,10,0,31710,10,31710,1,2006-2007,5
4201917,10,0,0,0,29210,2880,32080,2,2006-2007,7
2124733,0,10,50,1,17100,15370,32470,2,2006-2007,3
9434242,0,0,40,0,1330,0,1330,2,2006-2007,2
1971535,130,8260,0,0,134430,5300,139710,1,2006-2007,4
3633557,0,0,10,0,28920,10,28920,1,2006-2007,11
145353,0,0,210,0,5640,350,5980,1,2006-2007,8
8809161,20,10,0,0,9510,110,9610,2,2006-2007,7
990736,10,0,0,1,3900,2780,6670,1,2006-2007,4
9086202,0,10,0,0,51410,100,51500,2,2006-2007,7
7648213,10,60,0,0,6900,0,6900,2,2006-2007,13
8555845,0,0,0,0,24540,0,24540,1,2006-2007,13
6642451,0,10,10,0,62150,3880,66020,1,2006-2007,7
7479657,0,0,10,0,15610,310,15920,1,2006-2007,7
8470514,0,0,0,0,6120,0,6110,1,2006-2007,10
4322624,10,0,0,0,6510,28900,35400,1,2006-2007,11
5388048,0,20,0,0,8750,60,8800,1,2006-2007,8
8383070,20,0,0,0,7560,150,7700,1,2006-2007,7
1950373,10,10,0,0,58760,10,58760,1,2006-2007,12
8164669,0,0,0,0,16400,60,16460,2,2006-2007,8
8553491,0,140,0,0,6430,0,6420,1,2006-2007,2
5525946,30,210,140,0,10,12700,12700,1,2006-2007,2
5623334,20,80,0,1,7420,20,7440,1,2006-2007,9
4268345,0,10,0,1,5200,22780,27970,1,2006-2007,9
6242576,0,20,0,0,29700,10,29710,1,2006-2007,13
1230516,0,0,0,1,26160,720,26870,1,2006-2007,12
204334,0,0,10,0,56600,30,56630,1,2006-2007,13
4283886,0,0,0,0,9330,250,9580,1,2006-2007,9
7618512,10,0,10,1,12200,10,12200,1,2006-2007,10
8247474,0,0,0,1,15900,9260,25160,1,2006-2007,3
3496732,20,40,10,0,50040,10,50040,2,2006-2007,5
7263156,0,10,20,0,33110,60,33150,2,2006-2007,8
6952088,10,0,0,0,34200,30000,64200,1,2006-2007,6
4961773,0,0,0,0,10500,0,10500,1,2006-2007,2
9128033,10,0,0,0,147000,10,147010,2,2006-2007,4
2367313,0,0,0,1,24000,70,24070,1,2006-2007,11
4807689,0,0,0,0,54000,20,54000,1,2006-2007,1
6210404,0,0,0,0,0,2230,2230,2,2006-2007,8
6059355,20,10,0,0,70340,60,70400,1,2006-2007,7
2340593,0,10,10,0,21030,580,21620,1,2006-2007,7
3593821,0,20,0,0,24100,60,24160,1,2006-2007,10
3404578,0,0,10,0,43010,60,43060,1,2006-2007,10
8308652,60,0,0,0,9110,40,9150,2,2006-2007,6
8845161,10,0,0,1,41200,30,41230,1,2006-2007,3
3778515,10,10,10,0,5140,410,5550,2,2006-2007,3
9509942,10,0,0,0,20610,0,20610,1,2006-2007,13
6269216,10,70,0,0,17410,20,17400,1,2006-2007,1
54092,20,10,0,0,18840,180,19010,2,2006-2007,12
4482284,10,0,0,0,10050,10,10040,2,2006-2007,11
174863,0,0,0,0,12280,90,12360,1,2006-2007,9
6417177,0,0,0,1,164410,105000,269400,1,2006-2007,9
8128388,0,30,0,0,14400,20,14420,1,2006-2007,4
2637148,0,0,0,1,26000,120,26110,1,2006-2007,1
4839691,0,0,0,1,3760,2350,6090,1,2006-2007,11
4800088,10,0,0,0,11610,60,11660,1,2006-2007,13
7645492,50,0,760,1,7670,10,7670,1,2006-2007,1
7462205,10,0,30,1,39990,210,40200,1,2006-2007,13
4280931,0,0,0,0,43900,670,44560,1,2006-2007,11
8480289,0,0,0,1,6390,20,6400,1,2006-2007,1
4259571,0,0,0,1,15200,0,15200,1,2006-2007,4
3165173,30,50,0,0,54030,900,54920,1,2006-2007,1
7584764,0,0,0,0,3160,0,3160,2,2006-2007,6
4347262,0,0,30,1,13560,670,14220,2,2006-2007,2
191853,0,0,0,1,7130,10,7120,1,2006-2007,11
3831504,0,0,0,0,117690,900,118590,1,2006-2007,9
8105138,0,0,10,1,4990,0,4980,1,2006-2007,2
9983359,0,10,60,1,24510,2740,27240,1,2006-2007,12
3373620,10,0,0,1,3550,0,3550,2,2006-2007,2
8636498,0,0,10,0,111010,50,111050,1,2006-2007,4
2695230,40,1220,0,0,103150,0,103150,1,2006-2007,11
4176279,10,200,0,1,10,50,50,2,2006-2007,8
2110820,10,0,0,1,1080,0,1080,1,2006-2007,11
9478685,0,0,0,0,36600,30,36630,1,2006-2007,6
9759339,0,20,30,0,26210,50,26250,1,2006-2007,10
9743936,0,10,0,0,35910,70,35970,1,2006-2007,13
5287656,10,40,0,0,48700,40,48730,1,2006-2007,9
9897273,0,0,10,0,8790,2420,11200,2,2006-2007,10
9710875,0,10,0,0,65100,60,65160,2,2006-2007,13
8085749,0,860,0,1,5710,1330,7030,1,2006-2007,12
9148022,0,30,0,0,6010,0,6000,1,2006-2007,1
5152084,0,150,0,0,93130,860,93980,1,2006-2007,9
5382885,0,50,0,0,21790,20,21800,1,2006-2007,11
5217987,0,0,10,1,24260,230,24480,1,2006-2007,1
4994760,0,0,0,0,24500,60,24560,2,2006-2007,4
2214059,0,0,0,0,7740,30,7750,1,2006-2007,7
5162516,0,0,0,0,23460,190,23640,1,2006-2007,11
7206923,0,3930,0,0,162050,1710,163750,2,2006-2007,9
6098066,120,0,150,1,13510,10,13510,1,2006-2007,1
2657385,0,10,0,1,690,0,690,1,2006-2007,11
8741141,0,30,10,0,9520,860,10370,2,2006-2007,3
8035048,20,50,20,0,14070,0,14060,1,2006-2007,12
9635468,0,0,0,0,42400,10,42410,2,2006-2007,13
3697504,10,10,10,0,5810,0,5810,2,2006-2007,7
4811443,20,0,10,0,77460,20,77480,1,2006-2007,6
4464874,330,0,100,1,8390,200,8570,1,2006-2007,5
179867,200,0,10,0,45310,20,45310,1,2006-2007,10
6077696,0,0,0,0,13210,90,13290,1,2006-2007,5
2807894,0,20,170,0,21800,0,21800,1,2006-2007,1
5666646,0,20,0,0,50500,120,50610,2,2006-2007,7
5953933,20,60,0,0,1380,10,1370,2,2006-2007,13
9020865,0,0,0,1,18710,0,18700,1,2006-2007,6
2423688,0,10,0,1,8560,11380,19930,1,2006-2007,7
6443237,0,0,0,0,12910,80,12980,1,2006-2007,12
990731,0,10,10,0,24460,40,24510,1,2006-2007,6
9841313,0,0,0,0,4290,0,4280,2,2006-2007,13
1146405,10,10,0,1,47800,40,47840,1,2006-2007,1
2797421,30,30,10,0,92090,250,92330,1,2006-2007,5
3850710,0,30,10,0,20,910,910,2,2006-2007,6
2725059,0,0,0,0,39350,0,39350,1,2006-2007,13
1542387,0,0,0,0,32120,490,32590,1,2006-2007,12
6743139,10,0,0,0,27780,40,27800,2,2006-2007,1
2618024,10,20,0,1,12000,2390,14390,2,2006-2007,12
3668586,0,60,0,0,25910,60,25960,1,2006-2007,11
2228056,0,0,160,0,30,10,30,2,2006-2007,8
3914396,0,10,0,0,25050,290,25340,1,2006-2007,5
1726676,0,300,0,0,147750,260,148010,1,2006-2007,3
7183958,150,0,0,0,11500,30,11530,1,2006-2007,10
6980437,0,150,0,0,54500,20,54510,1,2006-2007,13
8211864,0,0,0,0,4710,270,4970,1,2006-2007,13
8631233,10,0,70,0,35400,80,35480,1,2006-2007,6
9138447,0,10,10,0,22100,60,22160,1,2006-2007,2
3004357,0,0,0,0,26480,0,26480,2,2006-2007,12
6186078,0,0,10,0,15170,0,15160,2,2006-2007,5
3623727,10,40,0,1,90230,50,90270,1,2006-2007,13
7343882,40,0,10,0,27600,80,27680,1,2006-2007,12
6416818,80,10,0,1,910,0,910,2,2006-2007,7
4227467,10,10,10,0,29400,30,29430,2,2006-2007,10
2723073,0,30,0,0,41910,60,41960,2,2006-2007,2
5992924,0,0,0,0,38510,5510,43990,1,2006-2007,8
247964,10,0,0,1,28670,280,28930,1,2006-2007,2
6759715,0,40,0,1,34780,40,34810,1,2006-2007,13
7573020,0,10,0,1,9770,0,9760,1,2006-2007,2
4256178,10,0,40,0,86540,0,86540,1,2006-2007,7
9389397,0,30,50,1,38170,40,38200,1,2006-2007,8
5622289,0,0,30,1,45210,40,45240,1,2006-2007,9
4430446,0,0,10,0,63500,20,63500,1,2006-2007,10
848608,0,10,0,1,18340,90,18420,2,2006-2007,1
4286490,30,0,0,0,2950,0,2950,1,2006-2007,13
9358084,0,260,20,0,44500,410,44910,2,2006-2007,12
9557170,10,0,30,0,12140,1180,13320,1,2006-2007,1
5766820,0,20,40,0,7880,10,7880,2,2006-2007,10
7828620,0,0,0,1,13000,20,13010,1,2006-2007,8
1284290,0,40,0,1,110000,0,110000,1,2006-2007,5
7123323,30,0,0,0,7280,10,7270,1,2006-2007,10
6188530,910,40,10,0,46330,4500,50810,2,2006-2007,10
4859828,0,0,0,0,187010,2080,189070,1,2006-2007,3
8914360,0,10,0,0,4620,0,4610,1,2006-2007,3
8889924,0,10,10,0,25690,710,26400,1,2006-2007,5
5408051,0,0,0,0,9340,2270,11600,1,2006-2007,12
3967035,30,30,10,0,15320,60,15370,2,2006-2007,8
8121776,40,0,10,1,8830,11310,20140,1,2006-2007,4
942255,0,50,0,0,12420,50,12450,1,2006-2007,3
8302035,10,10,170,0,20700,10,20700,1,2006-2007,10
5865258,180,0,0,0,85310,1420,86720,1,2006-2007,3
7683014,0,0,0,0,5040,170,5200,1,2006-2007,5
6111669,0,70,0,0,44300,1690,45990,1,2006-2007,8
8431376,0,0,0,0,18740,0,18740,1,2006-2007,3
2335083,10,0,10,0,3580,10,3580,2,2006-2007,2
5578040,0,0,30,0,19230,70,19280,1,2006-2007,6
8278497,0,0,0,1,9220,30,9230,1,2006-2007,13
8838639,0,0,0,0,7740,60,7790,1,2006-2007,3
9334847,30,0,10,1,22410,120,22520,2,2006-2007,7
5512792,0,0,10,1,23010,6060,29070,1,2006-2007,10
9431304,0,20,50,1,54230,20,54250,1,2006-2007,10
2946838,30,20,0,0,69390,80,69460,1,2006-2007,7
8677799,0,0,0,0,11610,20,11600,1,2006-2007,4
324510,20,0,20,0,49260,48330,97590,1,2006-2007,8
5139494,20,0,0,1,6350,10,6350,1,2006-2007,1
1860053,0,0,0,1,32060,90,32140,1,2006-2007,6
2453187,10,0,0,0,14210,90,14290,2,2006-2007,11
6179011,60,0,0,0,84750,101290,186040,1,2006-2007,8
1203014,0,0,0,0,33770,0,33760,1,2006-2007,11
2916689,0,0,0,1,47700,470,48170,2,2006-2007,5
9016750,0,20,0,0,48000,710,48710,1,2006-2007,8
6438025,0,10,20,1,68070,80,68120,1,2006-2007,6
6678541,20,20,0,0,106720,150,106860,1,2006-2007,13
783561,10,0,10,0,34890,0,34890,1,2006-2007,11
5124950,0,0,0,0,18200,0,18200,1,2006-2007,5
8373467,0,1470,10,0,97210,3300,100500,2,2006-2007,10
7587817,0,10,0,1,22800,0,22800,1,2006-2007,5
5798430,10,10,0,0,94500,5510,100010,1,2006-2007,9
9044869,0,0,0,0,50810,110,50910,2,2006-2007,9
8009237,20,110,140,1,9280,740,10020,2,2006-2007,9
1231167,0,0,0,1,2990,9940,12930,1,2006-2007,1
1970247,10,10,30,0,28910,460,29360,1,2006-2007,12
5226263,10,0,70,0,44190,980,45180,2,2006-2007,2
2442259,0,0,0,0,7570,270,7830,1,2006-2007,4
3345359,0,0,0,0,5540,40,5580,1,2006-2007,4
4799405,20,0,10,0,17100,10,17110,1,2006-2007,1
9694113,0,0,0,0,9800,30,9820,1,2006-2007,7
7467772,10,10,10,0,11540,20,11550,2,2006-2007,3
3792732,0,0,0,0,24210,80,24280,1,2006-2007,10
136651,10,0,0,1,27600,0,27600,1,2006-2007,12
4991173,0,0,10,1,21670,10,21670,1,2006-2007,2
2687329,0,0,20,1,35300,510,35810,2,2006-2007,6
3604350,0,0,70,1,39480,0,39480,1,2006-2007,2
9492652,430,80,10,0,52870,380,53250,1,2006-2007,7
4804758,0,0,0,0,19000,230,19220,1,2006-2007,7
5488388,720,30,0,1,15830,0,15830,2,2006-2007,6
8075498,0,90,0,1,11160,0,11150,1,2006-2007,6
3327634,0,30,10,1,37000,10,37010,1,2006-2007,3
334046,10,360,0,1,8910,410,9320,1,2006-2007,9
930184,0,20,0,0,42800,170,42970,1,2006-2007,13
4362298,0,0,10,1,19880,13310,33190,1,2006-2007,10
1555911,0,0,20,0,33550,780,34310,1,2006-2007,12
7832921,0,0,0,0,5010,11000,16000,1,2006-2007,8
4899170,0,530,20,1,23400,10,23400,1,2006-2007,1
6129985,0,0,0,0,26710,100,26800,1,2006-2007,6
4821177,0,0,0,1,780,0,770,1,2006-2007,6
6062860,0,0,0,1,18580,0,18570,1,2006-2007,2
6333560,0,0,0,1,41400,30500,71890,1,2006-2007,6
7136091,0,0,0,1,18890,10,18890,1,2006-2007,3
5446618,40,270,0,0,28320,4950,33270,1,2006-2007,6
5045373,0,40,0,0,90160,33430,123590,2,2006-2007,5
7270513,10,0,10,0,7250,1960,9210,2,2006-2007,6
6224508,0,10,0,1,24300,30,24330,1,2006-2007,5
1444588,10,10,50,1,13440,200,13640,1,2006-2007,5
4205871,0,10,40,0,48110,50,48160,1,2006-2007,13
6813469,0,0,0,0,23020,150,23160,2,2006-2007,5
1441824,50,0,0,1,19930,450,20380,1,2006-2007,13
2551904,20,0,0,0,30510,10,30510,1,2006-2007,1
730919,10,250,0,0,20100,10,20110,1,2006-2007,13
9018571,0,0,0,0,56300,1820,58110,1,2006-2007,13
8501302,0,0,50,0,14310,420,14710,1,2006-2007,10
7241942,420,0,10,0,85570,30,85580,2,2006-2007,13
7932986,1120,20,0,0,48800,90,48890,2,2006-2007,6
3805454,0,0,10,1,33540,10,33530,1,2006-2007,2
3940368,0,10,0,1,17300,20,17330,1,2006-2007,1
1893771,10,0,50,0,24810,17560,42370,1,2006-2007,12
3206953,10,0,20,0,3760,10,3750,2,2006-2007,13
8019775,580,0,0,1,14210,10,14210,1,2006-2007,3
8516256,10,0,20,1,40400,470,40870,2,2006-2007,1
7969675,0,0,0,0,56360,0,56350,1,2006-2007,8
2276313,0,0,0,0,100120,50,100170,2,2006-2007,10
3333212,0,0,0,0,5040,10,5040,2,2006-2007,12
7893576,0,0,40,0,140700,260,140960,1,2006-2007,3
2133766,20,0,0,0,27040,1370,28410,2,2006-2007,1
7654507,10,0,0,0,13720,400,14120,2,2006-2007,4
815059,0,10,0,0,10,0,0,2,2006-2007,4
8380112,0,10,0,0,6830,50,6860,1,2006-2007,10
1663662,30,0,0,1,28400,0,28400,1,2006-2007,6
9544377,10,0,10,1,7210,38700,45900,1,2006-2007,9
9847854,30,10,10,1,126680,2010,128690,1,2006-2007,1
665656,10,0,0,0,11100,0,11100,1,2006-2007,12
281792,20,0,10,1,2500,10,2490,2,2006-2007,12
9893246,0,0,0,0,22830,50,22870,1,2006-2007,10
3739541,0,0,0,0,88710,620,89330,1,2006-2007,2
7481762,0,20,10,1,17220,0,17200,1,2006-2007,9
6588866,10,0,30,0,36900,90,36980,1,2006-2007,7
4201346,540,0,0,1,2540,2330,4850,2,2006-2007,3
5984962,90,0,0,1,22950,0,22950,1,2006-2007,7
624344,10,0,70,0,40110,380,40470,1,2006-2007,11
8753916,0,0,0,1,47570,1080,48630,1,2006-2007,5
9239429,1400,0,0,1,4970,0,4970,2,2006-2007,13
8894073,20,0,0,0,12300,0,12300,1,2006-2007,5
1028306,10,30,0,0,37460,60,37510,1,2006-2007,1
5241299,0,0,0,0,17110,130,17240,1,2006-2007,9
2767158,0,0,0,0,14810,20,14820,1,2006-2007,4
545155,0,40,20,0,40100,1010,41110,1,2006-2007,5
8421644,0,10,0,0,55700,360,56050,1,2006-2007,7
8246182,0,60,0,0,21400,110,21510,1,2006-2007,7
2339945,0,0,10,0,12310,40,12340,1,2006-2007,5
901320,0,140,0,0,58900,0,58900,1,2006-2007,10
2827724,10,43500,0,1,139210,14700,153900,1,2006-2007,8
2622444,0,10,0,0,6740,260,7000,2,2006-2007,5
2954431,0,0,0,0,16210,40,16230,2,2006-2007,13
795234,10,0,0,0,1500,0,1490,2,2006-2007,11
9608176,20,0,40,0,60140,6110,66230,1,2006-2007,13
7018543,10,0,20,0,14500,60,14560,1,2006-2007,9
7231931,0,0,0,0,65130,110,65230,2,2006-2007,5
4753349,20,0,0,1,11000,0,11000,1,2006-2007,13
6623668,0,0,0,0,13730,0,13720,1,2006-2007,4
9729953,0,40,50,1,174280,12020,186290,1,2006-2007,12
3747971,0,0,0,0,7610,970,8580,2,2006-2007,1
8337306,0,0,0,1,32100,60,32150,1,2006-2007,4
6900807,10,40,0,0,7550,180,7720,1,2006-2007,6
9887181,30,0,100,0,6760,30,6780,1,2006-2007,7
3166487,0,0,10,0,6310,1950,8250,1,2006-2007,11
5942630,90,0,20,0,1340,0,1340,2,2006-2007,5
5761401,10,0,0,0,22800,20,22820,1,2006-2007,11
8511343,80,0,0,0,28900,0,28900,1,2006-2007,12
8475887,0,0,30,0,14510,80,14580,2,2006-2007,11
7951356,0,0,10,0,8330,10,8330,1,2006-2007,9
3804379,0,10,130,0,5570,6390,11960,2,2006-2007,4
7387364,0,50,0,0,48310,3350,51650,1,2006-2007,1
6477133,30,0,10,1,256580,790,257360,1,2006-2007,12
3609460,10,10,0,0,36060,130,36190,1,2006-2007,11
4150023,0,20,0,0,16010,1030,17030,1,2006-2007,2
2118102,20,0,0,1,6530,60,6580,1,2006-2007,3
9133178,0,20,10,0,6470,3310,9770,1,2006-2007,1
8082118,4450,0,0,1,11600,70,11670,1,2006-2007,5
4849000,10,0,0,1,28300,40,28330,2,2006-2007,9
8434476,0,60,50,1,14140,50,14180,1,2006-2007,13
9278551,20,0,160,1,114310,0,114300,2,2006-2007,13
4363763,0,10,20,0,9540,180,9720,2,2006-2007,2
2893647,10,0,0,1,8640,30,8660,2,2006-2007,2
7199975,0,10,0,1,18900,760,19650,1,2006-2007,10
3174157,0,30,0,1,139610,1410,141020,1,2006-2007,3
3795520,0,0,20,1,3630,0,3630,1,2006-2007,6
2982324,20,0,0,0,58400,40,58440,2,2006-2007,7
1670167,10,0,10,0,4600,10510,15100,1,2006-2007,1
8716349,10,0,10,0,24300,30,24330,1,2006-2007,10
3148984,0,0,0,0,142900,18770,161670,1,2006-2007,8
9204037,0,140,0,0,20910,2830,23740,1,2006-2007,12
9960169,10,300,0,0,44700,70,44770,2,2006-2007,4
7551533,0,0,0,0,11900,40,11940,1,2006-2007,5
4655205,0,20,20,0,9980,70,10050,1,2006-2007,9
7027724,0,0,0,0,41200,40,41230,1,2006-2007,6
2287907,0,70,0,1,14520,10,14520,1,2006-2007,2
9262941,0,0,0,1,10,7620,7620,1,2006-2007,9
5651379,0,0,0,1,160,10,160,1,2006-2007,5
1180458,0,0,0,0,79250,180,79420,1,2006-2007,2
4191785,0,0,140,0,74600,23480,98070,1,2006-2007,4
4468259,0,0,0,0,14250,7300,21550,1,2006-2007,3
2135226,10,0,0,1,0,0,0,1,2006-2007,4
8883606,0,70,0,0,48800,60,48860,2,2006-2007,8
9360606,0,0,0,0,14270,60,14320,1,2006-2007,1
3804164,0,20,10,0,46030,10,46040,1,2006-2007,8
809095,0,0,0,0,9160,530,9680,1,2006-2007,12
4077542,0,0,0,1,2900,0,2900,2,2006-2007,10
868598,0,10,150,1,15420,910,16320,1,2006-2007,7
3232113,10,0,0,0,41400,120,41520,1,2006-2007,9
2137958,10,0,10,0,28400,120,28520,1,2006-2007,2
3850671,0,2340,0,0,204010,13240,217250,1,2006-2007,5
4194129,10,0,0,0,6620,110,6720,1,2006-2007,3
2753193,0,0,0,0,44480,140,44610,1,2006-2007,7
2298782,0,0,10,0,12770,50,12820,1,2006-2007,8
9588100,0,0,0,0,7400,5410,12810,1,2006-2007,5
8754449,80,10,0,0,23700,3600,27290,1,2006-2007,7
3687721,0,130,0,0,29880,50,29930,2,2006-2007,13
3282970,70,0,10,1,11400,10,11400,1,2006-2007,12
983925,0,10,10,0,33500,40,33540,1,2006-2007,1
6263693,0,0,30,0,20710,90,20780,1,2006-2007,7
2175496,90,0,0,0,50530,10,50530,2,2006-2007,1
2851210,0,0,10,0,8950,4430,13370,1,2006-2007,7
5791648,10,0,0,1,59040,320,59360,1,2006-2007,10
279144,290,0,0,0,7590,50,7630,1,2006-2007,5
1143602,0,10,0,0,129610,10,129600,2,2006-2007,11
527182,110,20,0,1,13960,10,13960,1,2006-2007,9
4670637,0,0,0,0,15030,40,15060,1,2006-2007,12
3658941,10,0,0,0,11700,770,12470,2,2006-2007,8
8003538,0,0,0,1,13710,10,13710,2,2006-2007,2
1667795,0,0,0,1,41810,10,41800,1,2006-2007,9
2213185,0,50,0,1,55170,630,55800,1,2006-2007,3
2347604,10,10,0,0,47790,130,47920,1,2006-2007,4
127679,0,0,0,0,17100,90,17180,2,2006-2007,12
2665027,10,0,60,0,9740,0,9740,2,2006-2007,3
8265026,0,0,0,0,10700,540,11220,1,2006-2007,5
5984692,0,0,0,0,44060,30,44090,1,2006-2007,13
6989408,0,0,10,1,1290,0,1290,2,2006-2007,5
9101352,0,0,10,0,20000,10,20010,1,2006-2007,5
349419,110,0,0,1,49900,0,49900,1,2006-2007,12
7336935,10,0,20,0,1500,0,1500,2,2006-2007,1
9701455,0,20,0,0,4400,30270,34660,1,2006-2007,11
2935661,0,0,0,1,34690,50,34730,1,2006-2007,7
3235802,10,20,10,1,39710,0,39700,1,2006-2007,3
9541758,10,0,50,0,77810,70,77870,1,2006-2007,5
3089202,0,0,10,0,10300,7900,18190,1,2006-2007,5
2129536,10,40,0,0,25300,30,25330,1,2006-2007,8
1468355,0,0,0,1,50910,450,51340,1,2006-2007,4
3910582,10,0,30,1,5040,0,5040,1,2006-2007,5
4400674,70,1160,10,0,4390,0,4390,2,2006-2007,4
